table_schema,table_name,column_name,data_type,is_nullable,column_default
auth,audit_log_entries,instance_id,uuid,YES,null
auth,audit_log_entries,id,uuid,NO,null
auth,audit_log_entries,payload,json,YES,null
auth,audit_log_entries,created_at,timestamp with time zone,YES,null
auth,audit_log_entries,ip_address,character varying,NO,''::character varying
auth,custom_oauth_providers,id,uuid,NO,gen_random_uuid()
auth,custom_oauth_providers,provider_type,text,NO,null
auth,custom_oauth_providers,identifier,text,NO,null
auth,custom_oauth_providers,name,text,NO,null
auth,custom_oauth_providers,client_id,text,NO,null
auth,custom_oauth_providers,client_secret,text,NO,null
auth,custom_oauth_providers,acceptable_client_ids,ARRAY,NO,'{}'::text[]
auth,custom_oauth_providers,scopes,ARRAY,NO,'{}'::text[]
auth,custom_oauth_providers,pkce_enabled,boolean,NO,true
auth,custom_oauth_providers,attribute_mapping,jsonb,NO,'{}'::jsonb
auth,custom_oauth_providers,authorization_params,jsonb,NO,'{}'::jsonb
auth,custom_oauth_providers,enabled,boolean,NO,true
auth,custom_oauth_providers,email_optional,boolean,NO,false
auth,custom_oauth_providers,issuer,text,YES,null
auth,custom_oauth_providers,discovery_url,text,YES,null
auth,custom_oauth_providers,skip_nonce_check,boolean,NO,false
auth,custom_oauth_providers,cached_discovery,jsonb,YES,null
auth,custom_oauth_providers,discovery_cached_at,timestamp with time zone,YES,null
auth,custom_oauth_providers,authorization_url,text,YES,null
auth,custom_oauth_providers,token_url,text,YES,null
auth,custom_oauth_providers,userinfo_url,text,YES,null
auth,custom_oauth_providers,jwks_uri,text,YES,null
auth,custom_oauth_providers,created_at,timestamp with time zone,NO,now()
auth,custom_oauth_providers,updated_at,timestamp with time zone,NO,now()
auth,flow_state,id,uuid,NO,null
auth,flow_state,user_id,uuid,YES,null
auth,flow_state,auth_code,text,YES,null
auth,flow_state,code_challenge_method,USER-DEFINED,YES,null
auth,flow_state,code_challenge,text,YES,null
auth,flow_state,provider_type,text,NO,null
auth,flow_state,provider_access_token,text,YES,null
auth,flow_state,provider_refresh_token,text,YES,null
auth,flow_state,created_at,timestamp with time zone,YES,null
auth,flow_state,updated_at,timestamp with time zone,YES,null
auth,flow_state,authentication_method,text,NO,null
auth,flow_state,auth_code_issued_at,timestamp with time zone,YES,null
auth,flow_state,invite_token,text,YES,null
auth,flow_state,referrer,text,YES,null
auth,flow_state,oauth_client_state_id,uuid,YES,null
auth,flow_state,linking_target_id,uuid,YES,null
auth,flow_state,email_optional,boolean,NO,false
auth,identities,provider_id,text,NO,null
auth,identities,user_id,uuid,NO,null
auth,identities,identity_data,jsonb,NO,null
auth,identities,provider,text,NO,null
auth,identities,last_sign_in_at,timestamp with time zone,YES,null
auth,identities,created_at,timestamp with time zone,YES,null
auth,identities,updated_at,timestamp with time zone,YES,null
auth,identities,email,text,YES,null
auth,identities,id,uuid,NO,gen_random_uuid()
auth,instances,id,uuid,NO,null
auth,instances,uuid,uuid,YES,null
auth,instances,raw_base_config,text,YES,null
auth,instances,created_at,timestamp with time zone,YES,null
auth,instances,updated_at,timestamp with time zone,YES,null
auth,mfa_amr_claims,session_id,uuid,NO,null
auth,mfa_amr_claims,created_at,timestamp with time zone,NO,null
auth,mfa_amr_claims,updated_at,timestamp with time zone,NO,null
auth,mfa_amr_claims,authentication_method,text,NO,null
auth,mfa_amr_claims,id,uuid,NO,null
auth,mfa_challenges,id,uuid,NO,null
auth,mfa_challenges,factor_id,uuid,NO,null
auth,mfa_challenges,created_at,timestamp with time zone,NO,null
auth,mfa_challenges,verified_at,timestamp with time zone,YES,null
auth,mfa_challenges,ip_address,inet,NO,null
auth,mfa_challenges,otp_code,text,YES,null
auth,mfa_challenges,web_authn_session_data,jsonb,YES,null
auth,mfa_factors,id,uuid,NO,null
auth,mfa_factors,user_id,uuid,NO,null
auth,mfa_factors,friendly_name,text,YES,null
auth,mfa_factors,factor_type,USER-DEFINED,NO,null
auth,mfa_factors,status,USER-DEFINED,NO,null
auth,mfa_factors,created_at,timestamp with time zone,NO,null
auth,mfa_factors,updated_at,timestamp with time zone,NO,null
auth,mfa_factors,secret,text,YES,null
auth,mfa_factors,phone,text,YES,null
auth,mfa_factors,last_challenged_at,timestamp with time zone,YES,null
auth,mfa_factors,web_authn_credential,jsonb,YES,null
auth,mfa_factors,web_authn_aaguid,uuid,YES,null
auth,mfa_factors,last_webauthn_challenge_data,jsonb,YES,null
auth,oauth_authorizations,id,uuid,NO,null
auth,oauth_authorizations,authorization_id,text,NO,null
auth,oauth_authorizations,client_id,uuid,NO,null
auth,oauth_authorizations,user_id,uuid,YES,null
auth,oauth_authorizations,redirect_uri,text,NO,null
auth,oauth_authorizations,scope,text,NO,null
auth,oauth_authorizations,state,text,YES,null
auth,oauth_authorizations,resource,text,YES,null
auth,oauth_authorizations,code_challenge,text,YES,null
auth,oauth_authorizations,code_challenge_method,USER-DEFINED,YES,null
auth,oauth_authorizations,response_type,USER-DEFINED,NO,'code'::auth.oauth_response_type
auth,oauth_authorizations,status,USER-DEFINED,NO,'pending'::auth.oauth_authorization_status
auth,oauth_authorizations,authorization_code,text,YES,null
auth,oauth_authorizations,created_at,timestamp with time zone,NO,now()
auth,oauth_authorizations,expires_at,timestamp with time zone,NO,(now() + '00:03:00'::interval)
auth,oauth_authorizations,approved_at,timestamp with time zone,YES,null
auth,oauth_authorizations,nonce,text,YES,null
auth,oauth_client_states,id,uuid,NO,null
auth,oauth_client_states,provider_type,text,NO,null
auth,oauth_client_states,code_verifier,text,YES,null
auth,oauth_client_states,created_at,timestamp with time zone,NO,null
auth,oauth_clients,id,uuid,NO,null
auth,oauth_clients,client_secret_hash,text,YES,null
auth,oauth_clients,registration_type,USER-DEFINED,NO,null
auth,oauth_clients,redirect_uris,text,NO,null
auth,oauth_clients,grant_types,text,NO,null
auth,oauth_clients,client_name,text,YES,null
auth,oauth_clients,client_uri,text,YES,null
auth,oauth_clients,logo_uri,text,YES,null
auth,oauth_clients,created_at,timestamp with time zone,NO,now()
auth,oauth_clients,updated_at,timestamp with time zone,NO,now()
auth,oauth_clients,deleted_at,timestamp with time zone,YES,null
auth,oauth_clients,client_type,USER-DEFINED,NO,'confidential'::auth.oauth_client_type
auth,oauth_clients,token_endpoint_auth_method,text,NO,null
auth,oauth_consents,id,uuid,NO,null
auth,oauth_consents,user_id,uuid,NO,null
auth,oauth_consents,client_id,uuid,NO,null
auth,oauth_consents,scopes,text,NO,null
auth,oauth_consents,granted_at,timestamp with time zone,NO,now()
auth,oauth_consents,revoked_at,timestamp with time zone,YES,null
auth,one_time_tokens,id,uuid,NO,null
auth,one_time_tokens,user_id,uuid,NO,null
auth,one_time_tokens,token_type,USER-DEFINED,NO,null
auth,one_time_tokens,token_hash,text,NO,null
auth,one_time_tokens,relates_to,text,NO,null
auth,one_time_tokens,created_at,timestamp without time zone,NO,now()
auth,one_time_tokens,updated_at,timestamp without time zone,NO,now()
auth,refresh_tokens,instance_id,uuid,YES,null
auth,refresh_tokens,id,bigint,NO,nextval('auth.refresh_tokens_id_seq'::regclass)
auth,refresh_tokens,token,character varying,YES,null
auth,refresh_tokens,user_id,character varying,YES,null
auth,refresh_tokens,revoked,boolean,YES,null
auth,refresh_tokens,created_at,timestamp with time zone,YES,null
auth,refresh_tokens,updated_at,timestamp with time zone,YES,null
auth,refresh_tokens,parent,character varying,YES,null
auth,refresh_tokens,session_id,uuid,YES,null
auth,saml_providers,id,uuid,NO,null
auth,saml_providers,sso_provider_id,uuid,NO,null
auth,saml_providers,entity_id,text,NO,null
auth,saml_providers,metadata_xml,text,NO,null
auth,saml_providers,metadata_url,text,YES,null
auth,saml_providers,attribute_mapping,jsonb,YES,null
auth,saml_providers,created_at,timestamp with time zone,YES,null
auth,saml_providers,updated_at,timestamp with time zone,YES,null
auth,saml_providers,name_id_format,text,YES,null
auth,saml_relay_states,id,uuid,NO,null
auth,saml_relay_states,sso_provider_id,uuid,NO,null
auth,saml_relay_states,request_id,text,NO,null
auth,saml_relay_states,for_email,text,YES,null
auth,saml_relay_states,redirect_to,text,YES,null
auth,saml_relay_states,created_at,timestamp with time zone,YES,null
auth,saml_relay_states,updated_at,timestamp with time zone,YES,null
auth,saml_relay_states,flow_state_id,uuid,YES,null
auth,schema_migrations,version,character varying,NO,null
auth,sessions,id,uuid,NO,null
auth,sessions,user_id,uuid,NO,null
auth,sessions,created_at,timestamp with time zone,YES,null
auth,sessions,updated_at,timestamp with time zone,YES,null
auth,sessions,factor_id,uuid,YES,null
auth,sessions,aal,USER-DEFINED,YES,null
auth,sessions,not_after,timestamp with time zone,YES,null
auth,sessions,refreshed_at,timestamp without time zone,YES,null
auth,sessions,user_agent,text,YES,null
auth,sessions,ip,inet,YES,null
auth,sessions,tag,text,YES,null
auth,sessions,oauth_client_id,uuid,YES,null
auth,sessions,refresh_token_hmac_key,text,YES,null
auth,sessions,refresh_token_counter,bigint,YES,null
auth,sessions,scopes,text,YES,null
auth,sso_domains,id,uuid,NO,null
auth,sso_domains,sso_provider_id,uuid,NO,null
auth,sso_domains,domain,text,NO,null
auth,sso_domains,created_at,timestamp with time zone,YES,null
auth,sso_domains,updated_at,timestamp with time zone,YES,null
auth,sso_providers,id,uuid,NO,null
auth,sso_providers,resource_id,text,YES,null
auth,sso_providers,created_at,timestamp with time zone,YES,null
auth,sso_providers,updated_at,timestamp with time zone,YES,null
auth,sso_providers,disabled,boolean,YES,null
auth,users,instance_id,uuid,YES,null
auth,users,id,uuid,NO,null
auth,users,aud,character varying,YES,null
auth,users,role,character varying,YES,null
auth,users,email,character varying,YES,null
auth,users,encrypted_password,character varying,YES,null
auth,users,email_confirmed_at,timestamp with time zone,YES,null
auth,users,invited_at,timestamp with time zone,YES,null
auth,users,confirmation_token,character varying,YES,null
auth,users,confirmation_sent_at,timestamp with time zone,YES,null
auth,users,recovery_token,character varying,YES,null
auth,users,recovery_sent_at,timestamp with time zone,YES,null
auth,users,email_change_token_new,character varying,YES,null
auth,users,email_change,character varying,YES,null
auth,users,email_change_sent_at,timestamp with time zone,YES,null
auth,users,last_sign_in_at,timestamp with time zone,YES,null
auth,users,raw_app_meta_data,jsonb,YES,null
auth,users,raw_user_meta_data,jsonb,YES,null
auth,users,is_super_admin,boolean,YES,null
auth,users,created_at,timestamp with time zone,YES,null
auth,users,updated_at,timestamp with time zone,YES,null
auth,users,phone,text,YES,NULL::character varying
auth,users,phone_confirmed_at,timestamp with time zone,YES,null
auth,users,phone_change,text,YES,''::character varying
auth,users,phone_change_token,character varying,YES,''::character varying
auth,users,phone_change_sent_at,timestamp with time zone,YES,null
auth,users,confirmed_at,timestamp with time zone,YES,null
auth,users,email_change_token_current,character varying,YES,''::character varying
auth,users,email_change_confirm_status,smallint,YES,0
auth,users,banned_until,timestamp with time zone,YES,null
auth,users,reauthentication_token,character varying,YES,''::character varying
auth,users,reauthentication_sent_at,timestamp with time zone,YES,null
auth,users,is_sso_user,boolean,NO,false
auth,users,deleted_at,timestamp with time zone,YES,null
auth,users,is_anonymous,boolean,NO,false
extensions,pg_stat_statements,userid,oid,YES,null
extensions,pg_stat_statements,dbid,oid,YES,null
extensions,pg_stat_statements,toplevel,boolean,YES,null
extensions,pg_stat_statements,queryid,bigint,YES,null
extensions,pg_stat_statements,query,text,YES,null
extensions,pg_stat_statements,plans,bigint,YES,null
extensions,pg_stat_statements,total_plan_time,double precision,YES,null
extensions,pg_stat_statements,min_plan_time,double precision,YES,null
extensions,pg_stat_statements,max_plan_time,double precision,YES,null
extensions,pg_stat_statements,mean_plan_time,double precision,YES,null
extensions,pg_stat_statements,stddev_plan_time,double precision,YES,null
extensions,pg_stat_statements,calls,bigint,YES,null
extensions,pg_stat_statements,total_exec_time,double precision,YES,null
extensions,pg_stat_statements,min_exec_time,double precision,YES,null
extensions,pg_stat_statements,max_exec_time,double precision,YES,null
extensions,pg_stat_statements,mean_exec_time,double precision,YES,null
extensions,pg_stat_statements,stddev_exec_time,double precision,YES,null
extensions,pg_stat_statements,rows,bigint,YES,null
extensions,pg_stat_statements,shared_blks_hit,bigint,YES,null
extensions,pg_stat_statements,shared_blks_read,bigint,YES,null
extensions,pg_stat_statements,shared_blks_dirtied,bigint,YES,null
extensions,pg_stat_statements,shared_blks_written,bigint,YES,null
extensions,pg_stat_statements,local_blks_hit,bigint,YES,null
extensions,pg_stat_statements,local_blks_read,bigint,YES,null
extensions,pg_stat_statements,local_blks_dirtied,bigint,YES,null
extensions,pg_stat_statements,local_blks_written,bigint,YES,null
extensions,pg_stat_statements,temp_blks_read,bigint,YES,null
extensions,pg_stat_statements,temp_blks_written,bigint,YES,null
extensions,pg_stat_statements,shared_blk_read_time,double precision,YES,null
extensions,pg_stat_statements,shared_blk_write_time,double precision,YES,null
extensions,pg_stat_statements,local_blk_read_time,double precision,YES,null
extensions,pg_stat_statements,local_blk_write_time,double precision,YES,null
extensions,pg_stat_statements,temp_blk_read_time,double precision,YES,null
extensions,pg_stat_statements,temp_blk_write_time,double precision,YES,null
extensions,pg_stat_statements,wal_records,bigint,YES,null
extensions,pg_stat_statements,wal_fpi,bigint,YES,null
extensions,pg_stat_statements,wal_bytes,numeric,YES,null
extensions,pg_stat_statements,jit_functions,bigint,YES,null
extensions,pg_stat_statements,jit_generation_time,double precision,YES,null
extensions,pg_stat_statements,jit_inlining_count,bigint,YES,null
extensions,pg_stat_statements,jit_inlining_time,double precision,YES,null
extensions,pg_stat_statements,jit_optimization_count,bigint,YES,null
extensions,pg_stat_statements,jit_optimization_time,double precision,YES,null
extensions,pg_stat_statements,jit_emission_count,bigint,YES,null
extensions,pg_stat_statements,jit_emission_time,double precision,YES,null
extensions,pg_stat_statements,jit_deform_count,bigint,YES,null
extensions,pg_stat_statements,jit_deform_time,double precision,YES,null
extensions,pg_stat_statements,stats_since,timestamp with time zone,YES,null
extensions,pg_stat_statements,minmax_stats_since,timestamp with time zone,YES,null
extensions,pg_stat_statements_info,dealloc,bigint,YES,null
extensions,pg_stat_statements_info,stats_reset,timestamp with time zone,YES,null
public,abandoned_carts,id,integer,NO,nextval('abandoned_carts_id_seq'::regclass)
public,abandoned_carts,company_id,integer,YES,null
public,abandoned_carts,customer_id,integer,YES,null
public,abandoned_carts,customer_email,character varying,YES,null
public,abandoned_carts,customer_name,character varying,YES,null
public,abandoned_carts,items,jsonb,YES,'[]'::jsonb
public,abandoned_carts,cart_total,numeric,YES,0
public,abandoned_carts,recovery_email_sent,boolean,YES,false
public,abandoned_carts,recovered,boolean,YES,false
public,abandoned_carts,created_at,timestamp without time zone,YES,now()
public,abandoned_carts,updated_at,timestamp without time zone,YES,now()
public,abandoned_carts,created_by,uuid,YES,null
public,abandoned_carts,updated_by,uuid,YES,null
public,brands,id,bigint,NO,null
public,brands,company_id,bigint,YES,null
public,brands,user_id,uuid,YES,null
public,brands,name,text,NO,null
public,brands,description,text,YES,null
public,brands,logo_url,text,YES,null
public,brands,is_active,boolean,YES,true
public,brands,created_at,timestamp with time zone,YES,now()
public,brands,created_by,uuid,YES,null
public,brands,updated_by,uuid,YES,null
public,brands,updated_at,timestamp with time zone,YES,now()
public,brands,is_deleted,boolean,YES,false
public,brands,metadata,jsonb,YES,'{}'::jsonb
public,categories,id,integer,NO,nextval('categories_id_seq'::regclass)
public,categories,name,character varying,NO,null
public,categories,parent,character varying,YES,'—'::character varying
public,categories,products,integer,YES,0
public,categories,status,character varying,YES,'Active'::character varying
public,categories,created_at,timestamp without time zone,YES,CURRENT_TIMESTAMP
public,categories,company_id,integer,YES,null
public,categories,created_by,uuid,YES,null
public,categories,updated_by,uuid,YES,null
public,categories,updated_at,timestamp with time zone,YES,now()
public,collections,id,bigint,NO,null
public,collections,company_id,bigint,YES,null
public,collections,user_id,uuid,YES,null
public,collections,name,text,NO,null
public,collections,slug,text,YES,null
public,collections,description,text,YES,null
public,collections,image_url,text,YES,null
public,collections,is_active,boolean,YES,true
public,collections,display_order,integer,YES,0
public,collections,created_at,timestamp with time zone,YES,now()
public,companies,id,bigint,NO,null
public,companies,name,text,NO,null
public,companies,subdomain,text,NO,null
public,companies,logo_url,text,YES,null
public,companies,contact_phone,text,YES,null
public,companies,contact_email,text,YES,null
public,companies,address,text,YES,null
public,companies,plan,text,YES,'starter'::text
public,companies,user_id,uuid,YES,null
public,companies,is_active,boolean,YES,true
public,companies,created_at,timestamp with time zone,YES,now()
public,companies,city,text,YES,null
public,companies,state,text,YES,null
public,companies,country,text,YES,null
public,companies,pincode,text,YES,null
public,companies,gst_no,text,YES,null
public,companies,created_by,uuid,YES,null
public,companies,updated_by,uuid,YES,null
public,companies,updated_at,timestamp with time zone,YES,now()
public,company_modules,id,bigint,NO,null
public,company_modules,company_id,bigint,YES,null
public,company_modules,user_id,uuid,YES,null
public,company_modules,module_id,bigint,YES,null
public,company_modules,is_active,boolean,YES,true
public,company_modules,created_by,uuid,YES,null
public,company_modules,updated_by,uuid,YES,null
public,company_modules,updated_at,timestamp with time zone,YES,now()
public,company_users,id,bigint,NO,null
public,company_users,company_id,bigint,YES,null
public,company_users,user_id,uuid,YES,null
public,company_users,role,text,YES,'admin'::text
public,company_users,created_by,uuid,YES,null
public,company_users,updated_by,uuid,YES,null
public,company_users,updated_at,timestamp with time zone,YES,now()
public,coupons,id,integer,NO,nextval('coupons_id_seq'::regclass)
public,coupons,company_id,integer,YES,null
public,coupons,code,character varying,NO,null
public,coupons,description,text,YES,null
public,coupons,type,character varying,NO,null
public,coupons,value,numeric,YES,0
public,coupons,min_order_amount,numeric,YES,0
public,coupons,max_discount,numeric,YES,null
public,coupons,usage_limit,integer,YES,null
public,coupons,per_user_limit,integer,YES,1
public,coupons,used_count,integer,YES,0
public,coupons,valid_from,date,YES,null
public,coupons,valid_until,date,YES,null
public,coupons,applicable_on,character varying,YES,'all'::character varying
public,coupons,is_active,boolean,YES,true
public,coupons,created_at,timestamp without time zone,YES,now()
public,coupons,created_by,uuid,YES,null
public,coupons,updated_by,uuid,YES,null
public,coupons,updated_at,timestamp with time zone,YES,now()
public,coupons,usage_count,integer,YES,0
public,customers,id,integer,NO,nextval('customers_id_seq'::regclass)
public,customers,name,character varying,NO,null
public,customers,email,character varying,YES,null
public,customers,phone,character varying,YES,null
public,customers,address,text,YES,null
public,customers,created_at,timestamp without time zone,YES,CURRENT_TIMESTAMP
public,customers,company_id,integer,YES,null
public,customers,created_by,uuid,YES,null
public,customers,updated_by,uuid,YES,null
public,customers,updated_at,timestamp with time zone,YES,now()
public,ecom_activities,id,bigint,NO,null
public,ecom_activities,company_id,bigint,YES,null
public,ecom_activities,user_id,uuid,YES,null
public,ecom_activities,action,text,NO,null
public,ecom_activities,details,text,YES,null
public,ecom_activities,created_at,timestamp with time zone,YES,now()
public,ecom_activities,created_by,uuid,YES,null
public,ecom_activities,updated_by,uuid,YES,null
public,ecom_activities,updated_at,timestamp with time zone,YES,now()
public,ecom_addresses,id,uuid,NO,uuid_generate_v4()
public,ecom_addresses,user_id,uuid,YES,null
public,ecom_addresses,company_id,bigint,YES,null
public,ecom_addresses,address_line1,text,NO,null
public,ecom_addresses,city,text,NO,null
public,ecom_addresses,zip_code,text,NO,null
public,ecom_addresses,created_at,timestamp with time zone,YES,now()
public,ecom_banners,id,bigint,NO,null
public,ecom_banners,company_id,bigint,YES,null
public,ecom_banners,user_id,uuid,YES,null
public,ecom_banners,title,text,YES,null
public,ecom_banners,subtitle,text,YES,null
public,ecom_banners,image_url,text,NO,null
public,ecom_banners,position,text,YES,'hero'::text
public,ecom_banners,badge_text,text,YES,null
public,ecom_banners,is_active,boolean,YES,true
public,ecom_banners,display_order,integer,YES,0
public,ecom_banners,created_at,timestamp with time zone,YES,now()
public,ecom_banners,created_by,uuid,YES,null
public,ecom_banners,updated_by,uuid,YES,null
public,ecom_banners,updated_at,timestamp with time zone,YES,now()
public,ecom_banners,link_url,text,YES,null
public,ecom_banners,metadata,jsonb,YES,'{}'::jsonb
public,ecom_banners,is_deleted,boolean,YES,false
public,ecom_banners,button_text,text,YES,null
public,ecom_banners,button_link,text,YES,null
public,ecom_banners,overlay_opacity,integer,YES,40
public,ecom_banners,text_color,text,YES,'white'::text
public,ecom_banners,starts_at,timestamp with time zone,YES,null
public,ecom_banners,ends_at,timestamp with time zone,YES,null
public,ecom_blog,id,bigint,NO,null
public,ecom_blog,company_id,bigint,YES,null
public,ecom_blog,user_id,uuid,YES,null
public,ecom_blog,title,text,NO,null
public,ecom_blog,slug,text,NO,null
public,ecom_blog,content,text,YES,null
public,ecom_blog,excerpt,text,YES,null
public,ecom_blog,image_url,text,YES,null
public,ecom_blog,author_name,text,YES,null
public,ecom_blog,is_published,boolean,YES,true
public,ecom_blog,published_at,timestamp with time zone,YES,now()
public,ecom_blog,created_at,timestamp with time zone,YES,now()
public,ecom_categories,id,bigint,NO,null
public,ecom_categories,company_id,bigint,YES,null
public,ecom_categories,user_id,uuid,YES,null
public,ecom_categories,name,text,NO,null
public,ecom_categories,description,text,YES,null
public,ecom_categories,image_url,text,YES,null
public,ecom_categories,is_active,boolean,YES,true
public,ecom_categories,created_at,timestamp with time zone,YES,now()
public,ecom_categories,created_by,uuid,YES,null
public,ecom_categories,updated_by,uuid,YES,null
public,ecom_categories,updated_at,timestamp with time zone,YES,now()
public,ecom_categories,is_deleted,boolean,YES,false
public,ecom_categories,metadata,jsonb,YES,'{}'::jsonb
public,ecom_customers,id,uuid,NO,null
public,ecom_customers,user_id,uuid,YES,null
public,ecom_customers,company_id,bigint,YES,null
public,ecom_customers,full_name,text,YES,null
public,ecom_customers,email,text,YES,null
public,ecom_customers,phone,text,YES,null
public,ecom_customers,status,text,YES,'active'::text
public,ecom_customers,created_at,timestamp with time zone,YES,now()
public,ecom_customers,last_login,timestamp with time zone,YES,null
public,ecom_gallery_images,id,bigint,NO,null
public,ecom_gallery_images,company_id,bigint,YES,null
public,ecom_gallery_images,user_id,uuid,YES,null
public,ecom_gallery_images,title,text,YES,null
public,ecom_gallery_images,image_url,text,NO,null
public,ecom_gallery_images,alt_text,text,YES,null
public,ecom_gallery_images,tags,ARRAY,YES,null
public,ecom_gallery_images,is_active,boolean,YES,true
public,ecom_gallery_images,display_order,integer,YES,0
public,ecom_gallery_images,created_at,timestamp with time zone,YES,now()
public,ecom_gallery_videos,id,bigint,NO,null
public,ecom_gallery_videos,company_id,bigint,YES,null
public,ecom_gallery_videos,user_id,uuid,YES,null
public,ecom_gallery_videos,title,text,YES,null
public,ecom_gallery_videos,video_url,text,NO,null
public,ecom_gallery_videos,thumbnail_url,text,YES,null
public,ecom_gallery_videos,alt_text,text,YES,null
public,ecom_gallery_videos,is_active,boolean,YES,true
public,ecom_gallery_videos,display_order,integer,YES,0
public,ecom_gallery_videos,created_at,timestamp with time zone,YES,now()
public,ecom_menus,id,bigint,NO,null
public,ecom_menus,company_id,bigint,YES,null
public,ecom_menus,user_id,uuid,YES,null
public,ecom_menus,label,text,NO,null
public,ecom_menus,link_url,text,NO,null
public,ecom_menus,display_order,integer,YES,0
public,ecom_menus,is_active,boolean,YES,true
public,ecom_menus,created_at,timestamp with time zone,YES,now()
public,ecom_menus,created_by,uuid,YES,null
public,ecom_menus,updated_by,uuid,YES,null
public,ecom_menus,updated_at,timestamp with time zone,YES,now()
public,ecom_menus,is_deleted,boolean,YES,false
public,ecom_menus,metadata,jsonb,YES,'{}'::jsonb
public,ecom_order_items,id,bigint,NO,null
public,ecom_order_items,order_id,uuid,YES,null
public,ecom_order_items,company_id,bigint,YES,null
public,ecom_order_items,user_id,uuid,YES,null
public,ecom_order_items,product_id,bigint,YES,null
public,ecom_order_items,variant_id,bigint,YES,null
public,ecom_order_items,product_name,text,NO,null
public,ecom_order_items,variant_label,text,YES,null
public,ecom_order_items,quantity,integer,YES,1
public,ecom_order_items,unit_price,numeric,YES,0
public,ecom_order_items,amount,numeric,YES,0
public,ecom_order_items,created_by,uuid,YES,null
public,ecom_order_items,updated_by,uuid,YES,null
public,ecom_order_items,updated_at,timestamp with time zone,YES,now()
public,ecom_order_items,sku,text,YES,null
public,ecom_order_items,tax_amount,numeric,YES,0
public,ecom_order_items,tax_rate,numeric,YES,0
public,ecom_order_items,metadata,jsonb,YES,'{}'::jsonb
public,ecom_order_timeline,id,bigint,NO,null
public,ecom_order_timeline,order_id,uuid,YES,null
public,ecom_order_timeline,company_id,bigint,YES,null
public,ecom_order_timeline,user_id,uuid,YES,null
public,ecom_order_timeline,status,text,NO,null
public,ecom_order_timeline,note,text,YES,null
public,ecom_order_timeline,created_at,timestamp with time zone,YES,now()
public,ecom_order_timeline,created_by,uuid,YES,null
public,ecom_order_timeline,updated_by,uuid,YES,null
public,ecom_order_timeline,updated_at,timestamp with time zone,YES,now()
public,ecom_orders,id,uuid,NO,gen_random_uuid()
public,ecom_orders,company_id,bigint,YES,null
public,ecom_orders,user_id,uuid,YES,null
public,ecom_orders,order_number,text,NO,null
public,ecom_orders,customer_name,text,YES,null
public,ecom_orders,customer_email,text,YES,null
public,ecom_orders,customer_phone,text,YES,null
public,ecom_orders,shipping_address,jsonb,YES,'{}'::jsonb
public,ecom_orders,subtotal,numeric,YES,0
public,ecom_orders,tax_amount,numeric,YES,0
public,ecom_orders,shipping_amount,numeric,YES,0
public,ecom_orders,discount_amount,numeric,YES,0
public,ecom_orders,grand_total,numeric,YES,0
public,ecom_orders,payment_method,text,YES,null
public,ecom_orders,payment_status,text,YES,'pending'::text
public,ecom_orders,payment_id,text,YES,null
public,ecom_orders,status,text,YES,'pending'::text
public,ecom_orders,created_at,timestamp with time zone,YES,now()
public,ecom_orders,created_by,uuid,YES,null
public,ecom_orders,updated_by,uuid,YES,null
public,ecom_orders,updated_at,timestamp with time zone,YES,now()
public,ecom_orders,discount_code,text,YES,null
public,ecom_orders,currency,text,YES,'INR'::text
public,ecom_orders,billing_address,jsonb,YES,'{}'::jsonb
public,ecom_orders,metadata,jsonb,YES,'{}'::jsonb
public,ecom_orders,internal_notes,text,YES,null
public,ecom_orders,coupon_code,text,YES,null
public,ecom_pages,id,bigint,NO,null
public,ecom_pages,company_id,bigint,YES,null
public,ecom_pages,user_id,uuid,YES,null
public,ecom_pages,title,text,NO,null
public,ecom_pages,slug,text,NO,null
public,ecom_pages,content,jsonb,YES,'[]'::jsonb
public,ecom_pages,is_published,boolean,YES,true
public,ecom_pages,created_at,timestamp with time zone,YES,now()
public,ecom_pages,created_by,uuid,YES,null
public,ecom_pages,updated_by,uuid,YES,null
public,ecom_pages,updated_at,timestamp with time zone,YES,now()
public,ecom_pages,is_deleted,boolean,YES,false
public,ecom_pages,metadata,jsonb,YES,'{}'::jsonb
public,ecom_refunds,id,bigint,NO,null
public,ecom_refunds,company_id,bigint,YES,null
public,ecom_refunds,order_id,uuid,YES,null
public,ecom_refunds,amount,numeric,NO,null
public,ecom_refunds,reason,text,YES,null
public,ecom_refunds,status,text,YES,'pending'::text
public,ecom_refunds,refund_method,text,YES,null
public,ecom_refunds,created_at,timestamp with time zone,YES,now()
public,ecom_settings,id,bigint,NO,null
public,ecom_settings,company_id,bigint,YES,null
public,ecom_settings,user_id,uuid,YES,null
public,ecom_settings,store_name,text,YES,null
public,ecom_settings,store_tagline,text,YES,null
public,ecom_settings,logo_url,text,YES,null
public,ecom_settings,primary_color,text,YES,'#000000'::text
public,ecom_settings,config,jsonb,YES,'{}'::jsonb
public,ecom_settings,created_at,timestamp with time zone,YES,now()
public,ecom_settings,created_by,uuid,YES,null
public,ecom_settings,updated_by,uuid,YES,null
public,ecom_settings,updated_at,timestamp with time zone,YES,now()
public,ecom_settings,whatsapp_number,text,YES,null
public,ecom_settings,contact_email,text,YES,null
public,ecom_settings,social_links,jsonb,YES,'{}'::jsonb
public,ecom_settings,template_id,text,YES,'organic'::text
public,employees,id,integer,NO,nextval('employees_id_seq'::regclass)
public,employees,name,character varying,NO,null
public,employees,department,character varying,YES,null
public,employees,role,character varying,YES,null
public,employees,status,character varying,YES,'Active'::character varying
public,employees,created_at,timestamp without time zone,YES,CURRENT_TIMESTAMP
public,employees,company_id,integer,YES,null
public,employees,created_by,uuid,YES,null
public,employees,updated_by,uuid,YES,null
public,employees,updated_at,timestamp with time zone,YES,now()
public,headless_configs,id,bigint,NO,null
public,headless_configs,company_id,bigint,YES,null
public,headless_configs,user_id,uuid,YES,null
public,headless_configs,api_key,uuid,YES,gen_random_uuid()
public,headless_configs,screen_id,text,NO,null
public,headless_configs,section_id,text,NO,null
public,headless_configs,mapping_config,jsonb,NO,null
public,headless_configs,is_active,boolean,YES,true
public,headless_configs,created_at,timestamp with time zone,YES,now()
public,headless_configs,created_by,uuid,YES,null
public,headless_configs,updated_by,uuid,YES,null
public,headless_configs,updated_at,timestamp with time zone,YES,now()
public,offers,id,integer,NO,nextval('offers_id_seq'::regclass)
public,offers,company_id,integer,YES,null
public,offers,title,character varying,NO,null
public,offers,description,text,YES,null
public,offers,type,character varying,NO,null
public,offers,discount_type,character varying,YES,'percentage'::character varying
public,offers,discount_value,numeric,YES,0
public,offers,badge_label,character varying,YES,null
public,offers,conditions,jsonb,YES,'{}'::jsonb
public,offers,starts_at,timestamp without time zone,YES,null
public,offers,ends_at,timestamp without time zone,YES,null
public,offers,priority,integer,YES,0
public,offers,is_active,boolean,YES,true
public,offers,created_at,timestamp without time zone,YES,now()
public,offers,created_by,uuid,YES,null
public,offers,updated_by,uuid,YES,null
public,offers,updated_at,timestamp with time zone,YES,now()
public,offers,image_url,text,YES,null
public,payment_gateways,id,bigint,NO,null
public,payment_gateways,company_id,bigint,YES,null
public,payment_gateways,user_id,uuid,YES,null
public,payment_gateways,gateway,text,NO,null
public,payment_gateways,display_name,text,YES,null
public,payment_gateways,is_active,boolean,YES,false
public,payment_gateways,is_test_mode,boolean,YES,true
public,payment_gateways,config,jsonb,YES,'{}'::jsonb
public,payment_gateways,created_at,timestamp with time zone,YES,now()
public,payment_gateways,created_by,uuid,YES,null
public,payment_gateways,updated_by,uuid,YES,null
public,payment_gateways,updated_at,timestamp with time zone,YES,now()
public,product_reviews,id,integer,NO,nextval('product_reviews_id_seq'::regclass)
public,product_reviews,company_id,integer,YES,null
public,product_reviews,product_id,integer,YES,null
public,product_reviews,order_id,integer,YES,null
public,product_reviews,customer_name,character varying,YES,null
public,product_reviews,customer_email,character varying,YES,null
public,product_reviews,rating,integer,YES,null
public,product_reviews,title,character varying,YES,null
public,product_reviews,body,text,YES,null
public,product_reviews,status,character varying,YES,'pending'::character varying
public,product_reviews,is_verified_purchase,boolean,YES,false
public,product_reviews,created_at,timestamp without time zone,YES,now()
public,product_reviews,created_by,uuid,YES,null
public,product_reviews,updated_by,uuid,YES,null
public,product_reviews,updated_at,timestamp with time zone,YES,now()
public,product_variants,id,bigint,NO,null
public,product_variants,company_id,bigint,YES,null
public,product_variants,user_id,uuid,YES,null
public,product_variants,product_id,bigint,YES,null
public,product_variants,name,text,NO,null
public,product_variants,sku,text,YES,null
public,product_variants,price,numeric,YES,null
public,product_variants,attributes_summary,text,YES,null
public,product_variants,stock_qty,integer,YES,0
public,product_variants,created_at,timestamp with time zone,YES,now()
public,product_variants,created_by,uuid,YES,null
public,product_variants,updated_by,uuid,YES,null
public,product_variants,updated_at,timestamp with time zone,YES,now()
public,product_variants,is_deleted,boolean,YES,false
public,product_variants,metadata,jsonb,YES,'{}'::jsonb
public,product_variants,image_url,text,YES,null
public,products,id,bigint,NO,null
public,products,company_id,bigint,YES,null
public,products,user_id,uuid,YES,null
public,products,name,text,NO,null
public,products,category,text,YES,null
public,products,sku,text,YES,null
public,products,rate,numeric,YES,0
public,products,price,numeric,YES,null
public,products,description,text,YES,null
public,products,image_url,text,YES,null
public,products,is_ecommerce,boolean,YES,true
public,products,is_featured,boolean,YES,false
public,products,is_best_seller,boolean,YES,false
public,products,status,text,YES,'active'::text
public,products,created_at,timestamp with time zone,YES,now()
public,products,category_id,bigint,YES,null
public,products,brand_id,bigint,YES,null
public,products,created_by,uuid,YES,null
public,products,updated_by,uuid,YES,null
public,products,updated_at,timestamp with time zone,YES,now()
public,products,cost_price,numeric,YES,0
public,products,compare_at_price,numeric,YES,null
public,products,metadata,jsonb,YES,'{}'::jsonb
public,products,weight,numeric,YES,null
public,products,weight_unit,text,YES,'kg'::text
public,products,is_deleted,boolean,YES,false
public,purchase_order_items,id,integer,NO,nextval('purchase_order_items_id_seq'::regclass)
public,purchase_order_items,po_id,integer,YES,null
public,purchase_order_items,product_id,integer,YES,null
public,purchase_order_items,description,text,YES,null
public,purchase_order_items,quantity,integer,NO,null
public,purchase_order_items,rate,numeric,NO,null
public,purchase_order_items,amount,numeric,NO,null
public,purchase_order_items,created_by,uuid,YES,null
public,purchase_order_items,updated_by,uuid,YES,null
public,purchase_order_items,updated_at,timestamp with time zone,YES,now()
public,purchase_orders,id,integer,NO,nextval('purchase_orders_id_seq'::regclass)
public,purchase_orders,po_number,character varying,NO,null
public,purchase_orders,vendor_name,character varying,YES,null
public,purchase_orders,date,date,YES,CURRENT_DATE
public,purchase_orders,status,character varying,YES,'Draft'::character varying
public,purchase_orders,total_amount,numeric,YES,0.00
public,purchase_orders,created_at,timestamp without time zone,YES,CURRENT_TIMESTAMP
public,purchase_orders,company_id,integer,YES,null
public,purchase_orders,created_by,uuid,YES,null
public,purchase_orders,updated_by,uuid,YES,null
public,purchase_orders,updated_at,timestamp with time zone,YES,now()
public,quotation_items,id,integer,NO,nextval('quotation_items_id_seq'::regclass)
public,quotation_items,quotation_id,integer,YES,null
public,quotation_items,product_id,integer,YES,null
public,quotation_items,description,text,YES,null
public,quotation_items,quantity,integer,NO,null
public,quotation_items,rate,numeric,NO,null
public,quotation_items,amount,numeric,NO,null
public,quotation_items,created_by,uuid,YES,null
public,quotation_items,updated_by,uuid,YES,null
public,quotation_items,updated_at,timestamp with time zone,YES,now()
public,quotations,id,integer,NO,nextval('quotations_id_seq'::regclass)
public,quotations,quotation_number,character varying,NO,null
public,quotations,customer_id,integer,YES,null
public,quotations,date,date,YES,CURRENT_DATE
public,quotations,valid_until,date,YES,null
public,quotations,status,character varying,YES,'Draft'::character varying
public,quotations,currency,character varying,YES,'USD'::character varying
public,quotations,grand_total,numeric,YES,0.00
public,quotations,created_at,timestamp without time zone,YES,CURRENT_TIMESTAMP
public,quotations,company_id,integer,YES,null
public,quotations,created_by,uuid,YES,null
public,quotations,updated_by,uuid,YES,null
public,quotations,updated_at,timestamp with time zone,YES,now()
public,refunds,id,integer,NO,nextval('refunds_id_seq'::regclass)
public,refunds,company_id,integer,YES,null
public,refunds,order_id,integer,YES,null
public,refunds,order_number,character varying,YES,null
public,refunds,customer_name,character varying,YES,null
public,refunds,amount,numeric,NO,null
public,refunds,reason,character varying,YES,null
public,refunds,description,text,YES,null
public,refunds,status,character varying,YES,'pending'::character varying
public,refunds,gateway_ref,character varying,YES,null
public,refunds,processed_at,timestamp without time zone,YES,null
public,refunds,created_at,timestamp without time zone,YES,now()
public,refunds,created_by,uuid,YES,null
public,refunds,updated_by,uuid,YES,null
public,refunds,updated_at,timestamp with time zone,YES,now()
public,role_permissions,id,integer,NO,nextval('role_permissions_id_seq'::regclass)
public,role_permissions,role_id,integer,YES,null
public,role_permissions,module_id,integer,YES,null
public,role_permissions,resource,character varying,NO,null
public,role_permissions,action,character varying,NO,null
public,role_permissions,created_at,timestamp without time zone,YES,CURRENT_TIMESTAMP
public,role_permissions,created_by,uuid,YES,null
public,role_permissions,updated_by,uuid,YES,null
public,role_permissions,updated_at,timestamp with time zone,YES,now()
public,roles,id,integer,NO,nextval('roles_id_seq'::regclass)
public,roles,company_id,integer,YES,null
public,roles,name,character varying,NO,null
public,roles,description,text,YES,null
public,roles,is_system,boolean,YES,false
public,roles,created_at,timestamp without time zone,YES,CURRENT_TIMESTAMP
public,roles,created_by,uuid,YES,null
public,roles,updated_by,uuid,YES,null
public,roles,updated_at,timestamp with time zone,YES,now()
public,sales_order_items,id,integer,NO,nextval('sales_order_items_id_seq'::regclass)
public,sales_order_items,order_id,integer,YES,null
public,sales_order_items,product_id,integer,YES,null
public,sales_order_items,description,text,YES,null
public,sales_order_items,quantity,integer,NO,null
public,sales_order_items,rate,numeric,NO,null
public,sales_order_items,amount,numeric,NO,null
public,sales_order_items,created_by,uuid,YES,null
public,sales_order_items,updated_by,uuid,YES,null
public,sales_order_items,updated_at,timestamp with time zone,YES,now()
public,sales_orders,id,integer,NO,nextval('sales_orders_id_seq'::regclass)
public,sales_orders,order_number,character varying,NO,null
public,sales_orders,customer_id,integer,YES,null
public,sales_orders,date,date,YES,CURRENT_DATE
public,sales_orders,delivery_date,date,YES,null
public,sales_orders,status,character varying,YES,'Draft'::character varying
public,sales_orders,total_amount,numeric,YES,0.00
public,sales_orders,created_at,timestamp without time zone,YES,CURRENT_TIMESTAMP
public,sales_orders,company_id,integer,YES,null
public,sales_orders,created_by,uuid,YES,null
public,sales_orders,updated_by,uuid,YES,null
public,sales_orders,updated_at,timestamp with time zone,YES,now()
public,shipping_zones,id,integer,NO,nextval('shipping_zones_id_seq'::regclass)
public,shipping_zones,company_id,integer,YES,null
public,shipping_zones,name,character varying,NO,null
public,shipping_zones,states,jsonb,YES,'[]'::jsonb
public,shipping_zones,pincodes,jsonb,YES,'[]'::jsonb
public,shipping_zones,base_rate,numeric,YES,0
public,shipping_zones,free_above,numeric,YES,null
public,shipping_zones,estimated_days,character varying,YES,'3-5 days'::character varying
public,shipping_zones,courier_partner,character varying,YES,null
public,shipping_zones,is_active,boolean,YES,true
public,shipping_zones,created_at,timestamp without time zone,YES,now()
public,shipping_zones,created_by,uuid,YES,null
public,shipping_zones,updated_by,uuid,YES,null
public,shipping_zones,updated_at,timestamp with time zone,YES,now()
public,stock_entries,id,integer,NO,nextval('stock_entries_id_seq'::regclass)
public,stock_entries,entry_number,character varying,NO,null
public,stock_entries,type,character varying,YES,null
public,stock_entries,date,date,YES,CURRENT_DATE
public,stock_entries,status,character varying,YES,'Draft'::character varying
public,stock_entries,remarks,text,YES,null
public,stock_entries,created_at,timestamp without time zone,YES,CURRENT_TIMESTAMP
public,stock_entries,company_id,integer,YES,null
public,stock_entries,created_by,uuid,YES,null
public,stock_entries,updated_by,uuid,YES,null
public,stock_entries,updated_at,timestamp with time zone,YES,now()
public,stock_entry_items,id,integer,NO,nextval('stock_entry_items_id_seq'::regclass)
public,stock_entry_items,entry_id,integer,YES,null
public,stock_entry_items,product_id,integer,YES,null
public,stock_entry_items,quantity,integer,NO,null
public,stock_entry_items,source_warehouse,character varying,YES,null
public,stock_entry_items,target_warehouse,character varying,YES,null
public,stock_entry_items,created_by,uuid,YES,null
public,stock_entry_items,updated_by,uuid,YES,null
public,stock_entry_items,updated_at,timestamp with time zone,YES,now()
public,subscription_plans,id,text,NO,null
public,subscription_plans,name,text,NO,null
public,subscription_plans,price_monthly,numeric,NO,null
public,subscription_plans,price_yearly,numeric,NO,null
public,subscription_plans,features,jsonb,YES,'[]'::jsonb
public,subscription_plans,is_active,boolean,YES,true
public,subscription_plans,created_at,timestamp with time zone,YES,now()
public,subscriptions,id,bigint,NO,null
public,subscriptions,company_id,bigint,YES,null
public,subscriptions,plan_id,text,YES,null
public,subscriptions,status,text,YES,'active'::text
public,subscriptions,billing_cycle,text,YES,'monthly'::text
public,subscriptions,current_period_start,timestamp with time zone,YES,now()
public,subscriptions,current_period_end,timestamp with time zone,YES,null
public,subscriptions,cancel_at_period_end,boolean,YES,false
public,subscriptions,created_at,timestamp with time zone,YES,now()
public,system_modules,id,bigint,NO,null
public,system_modules,name,text,NO,null
public,system_modules,is_core,boolean,YES,false
public,system_modules,created_at,timestamp with time zone,YES,now()
public,system_modules,created_by,uuid,YES,null
public,system_modules,updated_by,uuid,YES,null
public,system_modules,updated_at,timestamp with time zone,YES,now()
public,tenant_modules,id,integer,NO,nextval('tenant_modules_id_seq'::regclass)
public,tenant_modules,company_id,integer,YES,null
public,tenant_modules,module_id,integer,YES,null
public,tenant_modules,status,character varying,YES,'active'::character varying
public,tenant_modules,valid_until,timestamp without time zone,YES,null
public,tenant_modules,created_at,timestamp without time zone,YES,CURRENT_TIMESTAMP
public,tenant_modules,created_by,uuid,YES,null
public,tenant_modules,updated_by,uuid,YES,null
public,tenant_modules,updated_at,timestamp with time zone,YES,now()
public,users,id,uuid,NO,gen_random_uuid()
public,users,username,text,NO,null
public,users,full_name,text,YES,null
public,users,avatar_url,text,YES,null
public,users,company_id,bigint,YES,null
public,users,is_super_admin,boolean,YES,false
public,users,created_at,timestamp with time zone,YES,now()
public,users,updated_at,timestamp with time zone,YES,now()
public,vendors,id,integer,NO,nextval('vendors_id_seq'::regclass)
public,vendors,name,character varying,NO,null
public,vendors,email,character varying,YES,null
public,vendors,payable,numeric,YES,0.00
public,vendors,status,character varying,YES,'Active'::character varying
public,vendors,created_at,timestamp without time zone,YES,CURRENT_TIMESTAMP
public,vendors,company_id,integer,YES,null
public,vendors,created_by,uuid,YES,null
public,vendors,updated_by,uuid,YES,null
public,vendors,updated_at,timestamp with time zone,YES,now()
public,warehouses,id,integer,NO,nextval('warehouses_id_seq'::regclass)
public,warehouses,name,character varying,NO,null
public,warehouses,location,character varying,YES,null
public,warehouses,type,character varying,YES,'Storage'::character varying
public,warehouses,items_count,integer,YES,0
public,warehouses,status,character varying,YES,'Active'::character varying
public,warehouses,created_at,timestamp without time zone,YES,CURRENT_TIMESTAMP
public,warehouses,company_id,integer,YES,null
public,warehouses,created_by,uuid,YES,null
public,warehouses,updated_by,uuid,YES,null
public,warehouses,updated_at,timestamp with time zone,YES,now()
realtime,messages,topic,text,NO,null
realtime,messages,extension,text,NO,null
realtime,messages,payload,jsonb,YES,null
realtime,messages,event,text,YES,null
realtime,messages,private,boolean,YES,false
realtime,messages,updated_at,timestamp without time zone,NO,now()
realtime,messages,inserted_at,timestamp without time zone,NO,now()
realtime,messages,id,uuid,NO,gen_random_uuid()
realtime,messages_2026_02_27,topic,text,NO,null
realtime,messages_2026_02_27,extension,text,NO,null
realtime,messages_2026_02_27,payload,jsonb,YES,null
realtime,messages_2026_02_27,event,text,YES,null
realtime,messages_2026_02_27,private,boolean,YES,false
realtime,messages_2026_02_27,updated_at,timestamp without time zone,NO,now()
realtime,messages_2026_02_27,inserted_at,timestamp without time zone,NO,now()
realtime,messages_2026_02_27,id,uuid,NO,gen_random_uuid()
realtime,messages_2026_02_28,topic,text,NO,null
realtime,messages_2026_02_28,extension,text,NO,null
realtime,messages_2026_02_28,payload,jsonb,YES,null
realtime,messages_2026_02_28,event,text,YES,null
realtime,messages_2026_02_28,private,boolean,YES,false
realtime,messages_2026_02_28,updated_at,timestamp without time zone,NO,now()
realtime,messages_2026_02_28,inserted_at,timestamp without time zone,NO,now()
realtime,messages_2026_02_28,id,uuid,NO,gen_random_uuid()
realtime,messages_2026_03_01,topic,text,NO,null
realtime,messages_2026_03_01,extension,text,NO,null
realtime,messages_2026_03_01,payload,jsonb,YES,null
realtime,messages_2026_03_01,event,text,YES,null
realtime,messages_2026_03_01,private,boolean,YES,false
realtime,messages_2026_03_01,updated_at,timestamp without time zone,NO,now()
realtime,messages_2026_03_01,inserted_at,timestamp without time zone,NO,now()
realtime,messages_2026_03_01,id,uuid,NO,gen_random_uuid()
realtime,messages_2026_03_02,topic,text,NO,null
realtime,messages_2026_03_02,extension,text,NO,null
realtime,messages_2026_03_02,payload,jsonb,YES,null
realtime,messages_2026_03_02,event,text,YES,null
realtime,messages_2026_03_02,private,boolean,YES,false
realtime,messages_2026_03_02,updated_at,timestamp without time zone,NO,now()
realtime,messages_2026_03_02,inserted_at,timestamp without time zone,NO,now()
realtime,messages_2026_03_02,id,uuid,NO,gen_random_uuid()
realtime,messages_2026_03_03,topic,text,NO,null
realtime,messages_2026_03_03,extension,text,NO,null
realtime,messages_2026_03_03,payload,jsonb,YES,null
realtime,messages_2026_03_03,event,text,YES,null
realtime,messages_2026_03_03,private,boolean,YES,false
realtime,messages_2026_03_03,updated_at,timestamp without time zone,NO,now()
realtime,messages_2026_03_03,inserted_at,timestamp without time zone,NO,now()
realtime,messages_2026_03_03,id,uuid,NO,gen_random_uuid()
realtime,messages_2026_03_04,topic,text,NO,null
realtime,messages_2026_03_04,extension,text,NO,null
realtime,messages_2026_03_04,payload,jsonb,YES,null
realtime,messages_2026_03_04,event,text,YES,null
realtime,messages_2026_03_04,private,boolean,YES,false
realtime,messages_2026_03_04,updated_at,timestamp without time zone,NO,now()
realtime,messages_2026_03_04,inserted_at,timestamp without time zone,NO,now()
realtime,messages_2026_03_04,id,uuid,NO,gen_random_uuid()
realtime,messages_2026_03_05,topic,text,NO,null
realtime,messages_2026_03_05,extension,text,NO,null
realtime,messages_2026_03_05,payload,jsonb,YES,null
realtime,messages_2026_03_05,event,text,YES,null
realtime,messages_2026_03_05,private,boolean,YES,false
realtime,messages_2026_03_05,updated_at,timestamp without time zone,NO,now()
realtime,messages_2026_03_05,inserted_at,timestamp without time zone,NO,now()
realtime,messages_2026_03_05,id,uuid,NO,gen_random_uuid()
realtime,schema_migrations,version,bigint,NO,null
realtime,schema_migrations,inserted_at,timestamp without time zone,YES,null
realtime,subscription,id,bigint,NO,null
realtime,subscription,subscription_id,uuid,NO,null
realtime,subscription,entity,regclass,NO,null
realtime,subscription,filters,ARRAY,NO,'{}'::realtime.user_defined_filter[]
realtime,subscription,claims,jsonb,NO,null
realtime,subscription,claims_role,regrole,NO,null
realtime,subscription,created_at,timestamp without time zone,NO,"timezone('utc'::text, now())"
realtime,subscription,action_filter,text,YES,'*'::text
storage,buckets,id,text,NO,null
storage,buckets,name,text,NO,null
storage,buckets,owner,uuid,YES,null
storage,buckets,created_at,timestamp with time zone,YES,now()
storage,buckets,updated_at,timestamp with time zone,YES,now()
storage,buckets,public,boolean,YES,false
storage,buckets,avif_autodetection,boolean,YES,false
storage,buckets,file_size_limit,bigint,YES,null
storage,buckets,allowed_mime_types,ARRAY,YES,null
storage,buckets,owner_id,text,YES,null
storage,buckets,type,USER-DEFINED,NO,'STANDARD'::storage.buckettype
storage,buckets_analytics,name,text,NO,null
storage,buckets_analytics,type,USER-DEFINED,NO,'ANALYTICS'::storage.buckettype
storage,buckets_analytics,format,text,NO,'ICEBERG'::text
storage,buckets_analytics,created_at,timestamp with time zone,NO,now()
storage,buckets_analytics,updated_at,timestamp with time zone,NO,now()
storage,buckets_analytics,id,uuid,NO,gen_random_uuid()
storage,buckets_analytics,deleted_at,timestamp with time zone,YES,null
storage,buckets_vectors,id,text,NO,null
storage,buckets_vectors,type,USER-DEFINED,NO,'VECTOR'::storage.buckettype
storage,buckets_vectors,created_at,timestamp with time zone,NO,now()
storage,buckets_vectors,updated_at,timestamp with time zone,NO,now()
storage,migrations,id,integer,NO,null
storage,migrations,name,character varying,NO,null
storage,migrations,hash,character varying,NO,null
storage,migrations,executed_at,timestamp without time zone,YES,CURRENT_TIMESTAMP
storage,objects,id,uuid,NO,gen_random_uuid()
storage,objects,bucket_id,text,YES,null
storage,objects,name,text,YES,null
storage,objects,owner,uuid,YES,null
storage,objects,created_at,timestamp with time zone,YES,now()
storage,objects,updated_at,timestamp with time zone,YES,now()
storage,objects,last_accessed_at,timestamp with time zone,YES,now()
storage,objects,metadata,jsonb,YES,null
storage,objects,path_tokens,ARRAY,YES,null
storage,objects,version,text,YES,null
storage,objects,owner_id,text,YES,null
storage,objects,user_metadata,jsonb,YES,null
storage,s3_multipart_uploads,id,text,NO,null
storage,s3_multipart_uploads,in_progress_size,bigint,NO,0
storage,s3_multipart_uploads,upload_signature,text,NO,null
storage,s3_multipart_uploads,bucket_id,text,NO,null
storage,s3_multipart_uploads,key,text,NO,null
storage,s3_multipart_uploads,version,text,NO,null
storage,s3_multipart_uploads,owner_id,text,YES,null
storage,s3_multipart_uploads,created_at,timestamp with time zone,NO,now()
storage,s3_multipart_uploads,user_metadata,jsonb,YES,null
storage,s3_multipart_uploads_parts,id,uuid,NO,gen_random_uuid()
storage,s3_multipart_uploads_parts,upload_id,text,NO,null
storage,s3_multipart_uploads_parts,size,bigint,NO,0
storage,s3_multipart_uploads_parts,part_number,integer,NO,null
storage,s3_multipart_uploads_parts,bucket_id,text,NO,null
storage,s3_multipart_uploads_parts,key,text,NO,null
storage,s3_multipart_uploads_parts,etag,text,NO,null
storage,s3_multipart_uploads_parts,owner_id,text,YES,null
storage,s3_multipart_uploads_parts,version,text,NO,null
storage,s3_multipart_uploads_parts,created_at,timestamp with time zone,NO,now()
storage,vector_indexes,id,text,NO,gen_random_uuid()
storage,vector_indexes,name,text,NO,null
storage,vector_indexes,bucket_id,text,NO,null
storage,vector_indexes,data_type,text,NO,null
storage,vector_indexes,dimension,integer,NO,null
storage,vector_indexes,distance_metric,text,NO,null
storage,vector_indexes,metadata_configuration,jsonb,YES,null
storage,vector_indexes,created_at,timestamp with time zone,NO,now()
storage,vector_indexes,updated_at,timestamp with time zone,NO,now()
vault,decrypted_secrets,id,uuid,YES,null
vault,decrypted_secrets,name,text,YES,null
vault,decrypted_secrets,description,text,YES,null
vault,decrypted_secrets,secret,text,YES,null
vault,decrypted_secrets,decrypted_secret,text,YES,null
vault,decrypted_secrets,key_id,uuid,YES,null
vault,decrypted_secrets,nonce,bytea,YES,null
vault,decrypted_secrets,created_at,timestamp with time zone,YES,null
vault,decrypted_secrets,updated_at,timestamp with time zone,YES,null
vault,secrets,id,uuid,NO,gen_random_uuid()
vault,secrets,name,text,YES,null
vault,secrets,description,text,NO,''::text
vault,secrets,secret,text,NO,null
vault,secrets,key_id,uuid,YES,null
vault,secrets,nonce,bytea,YES,vault._crypto_aead_det_noncegen()
vault,secrets,created_at,timestamp with time zone,NO,CURRENT_TIMESTAMP
vault,secrets,updated_at,timestamp with time zone,NO,CURRENT_TIMESTAMP